Ship,Controller,Flight_Blade,Boost_Tuning,Mass,SCM,NAV,SCM_Boost_Forward,Backward,Main,Retro,Strafe,Up,Down,Boost_Main,Boost_Retro,Boost_Strafe,Boost_Up,Boost_Down,Hydrogen_SCU,Scoop_Min,Quantum_SCU,Flight_time_Min_Min,Flight_time_Max_Min,Pitch,Yaw,Roll,Thruster_Linear_Accel_Decay,Thruster_Angular_Accel_Decay,Torque_Imbalance_Multiplier,Lift_Multiplier,SCM_Drag_Multiplier,Drag_Multiplier,Hover_MAX_Speed,Hover_Turn_Friction,Hover_Air_Control_Multiplier,Hover_Anti-Fall_Multiplier,Hover_Lateral_Strafe_Multiplier,Boost_Available_Segments_Resource,Boost_Activation_Pre_Delay,Boost_Activation_Ramp_Up,Boost_Activation_Ramp_Down,Boost_Multiplier_Accel._+X,Boost_Multiplier_Accel._-X,Boost_Multiplier_Accel._+Y,Boost_Multiplier_Accel._-Y,Boost_Multiplier_Accel._+Z,Boost_Multiplier_Accel._-Z,Pitch_Boost_Multiplier,Yaw_Boost_Multiplier,Roll_Boost_Multiplier,Pitch_Accel._Boost_Multiplier,Yaw_Accel._Boost_Multiplier,Roll_Accel._Boost_Multiplier,Boost_Capacitor_Size,Boost_Capacitor_Threshold_Ratio,Idle_Cost,Linear_Cost,Angular_Cost,Boost_Capacitor_Regen_Delay,Boost_Capacitor_Regen_Tick,Boost_Capacitor_Regen_Time
Avenger Stalker,AEGS Avenger Stalker,Base,Normal,48986,262,1425,610,280,15.5,4,6,6,4,1.675,1.3,1.35,1.35,1.35,9,0,1.1,120,450,53,48,190,3,11.5,1,7,4,5,,,,,,4,0,0.4,0.2,1.35,1.35,1.675,1.3,1.35,1.35,1.2,1.2,1.2,1.2,1.2,1.2,20,0.25,1,0,0,0.2,0.75,27
Avenger Stalker ,AEGS Avenger Stalker Flight Blade HND,Better Handling,Normal,48987,254,1400,600,270,15.5,4,6,6,4,1.675,1.3,1.35,1.35,1.35,9,0.00132,1.1,120,460,54,49,192,3,11.5,1,7,4,5,,,,,,4,0,0.4,0.2,1.35,1.35,1.675,1.3,1.35,1.35,1.2,1.2,1.2,1.2,1.2,1.2,20,0.25,1,0,0,0.2,0.75,27
Avenger Stalker ,AEGS Avenger Stalker Flight Blade SPD,Better Speed,Normal,48987,270,1450,620,290,15.5,4,6,6,4,1.675,1.3,1.35,1.35,1.35,9,0.00132,1.1,120,460,52,47,188,3,11.5,1,7,4,5,,,,,,4,0,0.4,0.2,1.35,1.35,1.675,1.3,1.35,1.35,1.2,1.2,1.2,1.2,1.2,1.2,20,0.25,1,0,0,0.2,0.75,27
Avenger Titan,AEGS Avenger Titan,Base,Normal,48987,262,1425,610,280,15.5,4,6,6,4,1.675,1.3,1.35,1.35,1.35,9,0.00132,1.1,120,460,53,48,190,3,11.5,1,7,4,5,,,,,,4,0,0.4,0.2,1.35,1.35,1.675,1.3,1.35,1.35,1.2,1.2,1.2,1.2,1.2,1.2,20,0.25,1,0,0,0.2,0.75,27
Avenger Titan ,AEGS Avenger Titan Flight Blade HND,Better Handling,Normal,48986,254,1400,600,270,15.5,4,6,6,4,1.675,1.3,1.35,1.35,1.35,9,0.00132,1.1,120,460,54,49,192,3,11.5,1,7,4,5,,,,,,4,0,0.4,0.2,1.35,1.35,1.675,1.3,1.35,1.35,1.2,1.2,1.2,1.2,1.2,1.2,20,0.25,1,0,0,0.2,0.75,27
Avenger Titan ,AEGS Avenger Titan Flight Blade SPD,Better Speed,Normal,48986,270,1450,620,290,15.5,4,6,6,4,1.675,1.3,1.35,1.35,1.35,9,0.00132,1.1,120,460,52,47,188,3,11.5,1,7,4,5,,,,,,4,0,0.4,0.2,1.35,1.35,1.675,1.3,1.35,1.35,1.2,1.2,1.2,1.2,1.2,1.2,20,0.25,1,0,0,0.2,0.75,27
Avenger Warlock,AEGS Avenger Warlock,Base,Normal,48987,262,1425,610,280,15.5,4,6,6,4,1.675,1.3,1.35,1.35,1.35,9,0,1.1,120,450,53,48,190,3,11.5,1,7,4,5,,,,,,4,0,0.4,0.2,1.35,1.35,1.675,1.3,1.35,1.35,1.2,1.2,1.2,1.2,1.2,1.2,20,0.25,1,0,0,0.2,0.75,27
Avenger Warlock,AEGS Avenger Warlock Flight Blade HND,Better Handling,Normal,48987,254,1400,600,270,15.5,4,6,6,4,1.675,1.3,1.35,1.35,1.35,9,0,1.1,120,450,54,49,192,3,11.5,1,7,4,5,,,,,,4,0,0.4,0.2,1.35,1.35,1.675,1.3,1.35,1.35,1.2,1.2,1.2,1.2,1.2,1.2,20,0.25,1,0,0,0.2,0.75,27
Avenger Warlock,AEGS Avenger Warlock Flight Blade SPD,Better Speed,Normal,48987,270,1450,620,290,15.5,4,6,6,4,1.675,1.3,1.35,1.35,1.35,9,0,1.1,120,450,52,47,188,3,11.5,1,7,4,5,,,,,,4,0,0.4,0.2,1.35,1.35,1.675,1.3,1.35,1.35,1.2,1.2,1.2,1.2,1.2,1.2,20,0.25,1,0,0,0.2,0.75,27
Eclipse,AEGS Eclipse,Base,Normal,45720,210,1100,510,215,10.5,4.5,6.5,6.5,3.5,1.5,1.4,1.35,1.3,1.4,9,0,1.8,150,420,38,31,115,3,7.5,1,7,4,5,,,,,,4,0,0.6,0.2,1.35,1.35,1.5,1.4,1.3,1.4,1.2,1.2,1.2,1.2,1.2,1.2,20,0.25,1,0,0,0.6,0.75,27
Gladius,AEGS Gladius,Base,Normal,48552,226,1193,520,268,13.6,4.2,10,10,5,1.55,1.4,1.3,1.3,1.35,13.5,0,1.3,170,630,68,52,200,6,12,0.35,7,4,5,,,,,,4,0,0.6,0.3,1.3,1.3,1.55,1.4,1.3,1.35,1.2,1.2,1.2,1.2,1.2,1.2,20,0.25,1,0,0,0.2,0.75,27
Gladius  ,AEGS Gladius Blade HND,Better Handling,Normal,48552,218,1168,510,258,13.6,4.2,10,10,5,1.55,1.4,1.3,1.3,1.35,13.5,0,1.3,170,630,69,53,202,6,12,0.35,7,4,5,,,,,,4,0,0.6,0.3,1.3,1.3,1.55,1.4,1.3,1.35,1.2,1.2,1.2,1.2,1.2,1.2,20,0.25,1,0,0,0.2,0.75,27
Gladius  ,AEGS Gladius Blade SPD,Better Speed,Normal,48552,234,1218,530,278,13.6,4.2,10,10,5,1.55,1.4,1.3,1.3,1.35,13.5,0,1.3,170,630,67,51,198,6,12,0.35,7,4,5,,,,,,4,0,0.6,0.3,1.3,1.3,1.55,1.4,1.3,1.35,1.2,1.2,1.2,1.2,1.2,1.2,20,0.25,1,0,0,0.2,0.75,27
Hammerhead,AEGS Hammerhead,Base,Large,4542311,160,1000,340,170,5,2,2,2.5,2.5,1.5,1.2,1.35,1.3,1.2,450,0,6.6,160,999,20,20,30,4,12,0.45,7,4,5,,,,,,8,0,2,0.2,1.35,1.35,1.5,1.2,1.3,1.2,1.5,1.5,2,1.5,2,1.5,20,0.25,1,0,0,1.1,0.75,28
Hammerhead,AEGS Hammerhead Flight Blade HND,Better Handling,Large,4542311,152,975,330,160,5,2,2,2.5,2.5,1.5,1.2,1.35,1.3,1.2,450,0,6.6,160,999,21,21,32,4,12,0.45,7,4,5,,,,,,8,0,2,0.2,1.35,1.35,1.5,1.2,1.3,1.2,1.5,1.5,2,1.5,2,1.5,20,0.25,1,0,0,1.1,0.75,28
Hammerhead,AEGS Hammerhead Flight Blade SPD,Better Speed,Large,4542311,168,1025,350,180,5,2,2,2.5,2.5,1.5,1.2,1.35,1.3,1.2,450,0,6.6,160,999,19,19,28,4,12,0.45,7,4,5,,,,,,8,0,2,0.2,1.35,1.35,1.5,1.2,1.3,1.2,1.5,1.5,2,1.5,2,1.5,20,0.25,1,0,0,1.1,0.75,28
Idris,AEGS Idris,Base,Normal,37854373,110,850,220,125,2,1.5,0.8,2,1.8,1.5,1.2,1.35,1.3,1.2,6400,0,120,510,999,7,7,12,1.5,3,1,7,4,5,,,,,,10,0.15,0,0.2,1.35,1.35,1.5,1.2,1.3,1.2,1.2,1.2,1.2,1.5,1.5,1.5,1500,0.25,50,1,0.2,1.3,50,31
Javelin,AEGS Javelin,Base,Normal,68351,50,900,290,230,12,4.4,12,12,12,1.4,1.35,1.4,1.4,1.4,26,0.00174,1.1,510,999,7,8,15,1,2.5,1,7,4,5,,,,,,10,0.15,0,0.2,2,2,2,2,2,2,1.2,1.2,1.2,3,3,3,1500,0.25,50,1,0.2,1.3,50,31
Reclaimer,AEGS Reclaimer,Base,Normal,9509854,110,870,290,115,2,1.5,1,2,2,1.35,1.4,1.3,1.4,1.3,1754,0.012,8.6,540,999,11,11,14,12,10,1,7,4,5,,,,,,10,0,2,0.2,1.3,1.3,1.35,1.4,1.4,1.3,1.2,1.2,1.2,1.2,1.2,1.2,20,0.25,1,0,0,1.1,0.75,28
Redeemer,AEGS Redeemer,Base,Normal,420870,203,1050,400,215,10,2.7,5,5,3,1.3,1.25,1.35,1.3,1.3,66,0,1.8,160,999,36,30,115,3,12,1,7,4,5,,,,,,8,0,0.7,0.5,1.35,1.35,1.3,1.25,1.3,1.3,1.2,1.2,1.2,1.2,1.2,1.2,20,0.25,1,0,0,1,0.75,28
Redeemer ,AEGS Redeemer Flight Blade HND,Better Handling,Normal,35153,195,1025,390,205,11.6,5.2,7.9,7.9,7.9,1.55,1.4,1.33,1.3,1.35,10.5,0.00048,1.3,120,330,37,31,117,3,12,1,7,4,5,,,,,,8,0,0.7,0.5,1.35,1.35,1.3,1.25,1.3,1.3,1.2,1.2,1.2,1.2,1.2,1.2,20,0.25,1,0,0,1,0.75,28
Redeemer ,AEGS Redeemer Flight Blade SPD,Better Speed,Normal,35153,211,1075,410,225,11.6,5.2,7.9,7.9,7.9,1.55,1.4,1.33,1.3,1.35,10.5,0.00048,1.3,120,330,35,29,113,3,12,1,7,4,5,,,,,,8,0,0.7,0.5,1.35,1.35,1.3,1.25,1.3,1.3,1.2,1.2,1.2,1.2,1.2,1.2,20,0.25,1,0,0,1,0.75,28
Retaliator,AEGS Retaliator,Base,Normal,317870,205,1100,400,206,5.1,2.5,2.5,3.1,2.5,1.5,1.2,1.35,1.3,1.2,51,0,2.6,195,999,25,23,55,2,4.25,1,7,4,5,,,,,,6,0,1.5,0.2,1.35,1.35,1.5,1.2,1.3,1.2,1.2,1.2,1.2,1.2,1.2,1.2,20,0.25,1,0,0,0.9,0.75,28
Sabre,AEGS Sabre,Base,Normal,83093,223,1235,480,230,12.2,4.3,8.6,9.1,4.8,1.55,1.4,1.35,1.3,1.35,13.5,0,1.3,140,630,62,48,160,3,11.65,0.3,7,4,5,,,,,,4,0,0.6,0.2,1.35,1.35,1.55,1.4,1.3,1.35,1.2,1.2,1.2,1.2,1.2,1.2,20,0.25,1,0,0,0.5,0.75,27
Sabre Firebird,AEGS Sabre Firebird,Base,Normal,73493,240,1400,600,260,14.7,3.4,4.4,5.8,3.4,1.7,1.3,1.35,1.35,1.35,12,0,1.3,110,510,49,41,160,3,10.25,0.15,7,4,5,,,,,,4,0,0.4,0.2,1.35,1.35,1.7,1.3,1.35,1.35,1.2,1.2,1.2,1.2,1.2,1.2,25,0.25,1,0,0,0.4,0.75,34
Sabre Peregrine,AEGS Sabre Peregrine,Base,Normal,73493,267,1447,655,277,16.9,3.5,5.2,6.8,4.2,1.79,1.23,1.35,1.35,1.35,12,0,1.3,100,510,61,51,187,3,10.25,0.15,7,4,5,,,,,,4,0,0.4,0.2,1.35,1.35,1.79,1.23,1.35,1.35,1.2,1.2,1.2,1.2,1.2,1.2,25,0.25,1,0,0,0.4,0.75,34
Sabre Raven,AEGS Sabre Raven,Base,Normal,68711,240,1400,600,260,15,3.4,4.5,6,3.4,1.7,1.3,1.35,1.35,1.35,12,0,1.3,110,510,52,43,160,3,10.25,0.15,7,4,5,,,,,,4,0,0.4,0.2,1.35,1.35,1.7,1.3,1.35,1.35,1.2,1.2,1.2,1.2,1.2,1.2,25,0.25,1,0,0,0.4,0.75,34
Vanguard Warden,AEGS Vanguard Warden,Base,Normal,238070,210,1075,458,220,9.1,3.2,6.6,6.6,4,1.5,1.4,1.35,1.3,1.4,40.5,0.003,2,140,999,44,38,124,12.5,7.5,0.3,7,4,5,,,,,,6,0,0.6,0.2,1.35,1.35,1.5,1.4,1.3,1.4,1.2,1.2,1.2,1.2,1.2,1.2,20,0.1,1,0,0,0.7,0.75,27
Vanguard Harbinger,AEGS Vanguard Harbinger,Base,Normal,230404,212,1085,462,224,9.1,3.2,6.6,6.6,4,1.5,1.4,1.35,1.3,1.4,39,0.003,2,140,999,41,35,120,12.5,7.5,0.3,7,4,5,,,,,,6,0,0.6,0.2,1.35,1.35,1.5,1.4,1.3,1.4,1.2,1.2,1.2,1.2,1.2,1.2,20,0.1,1,0,0,0.7,0.75,27
Vanguard Hoplite,AEGS Vanguard Hoplite,Base,Normal,217870,209,1115,435,246,10.7,2.4,4.1,4.6,5.2,1.5,1.4,1.2,1.3,1.4,39,0.003,2,150,999,35,30,105,12,12,0.3,7,4,5,,,,,,6,0,1.2,0.2,1.2,1.2,1.5,1.4,1.3,1.4,1.2,1.2,1.2,1.2,1.2,1.2,20,0.1,1,0,0,0.9,0.75,28
Vanguard Sentinel,AEGS Vanguard Sentinel,Base,Normal,225970,217,1075,462,224,9.1,3.3,6.5,6.6,4,1.5,1.4,1.35,1.3,1.4,39,0.003,2,140,999,44,39,126,12.5,7.5,0.3,7,4,5,,,,,,6,0,0.6,0.2,1.35,1.35,1.5,1.4,1.3,1.4,1.2,1.2,1.2,1.2,1.2,1.2,20,0.1,1,0,0,0.7,0.75,27
Arrow,ANVL Arrow,Base,Normal,30510,229,1215,515,265,13.5,4.5,10.7,10.7,5.2,1.55,1.4,1.3,1.3,1.35,7.5,0,1.1,120,380,75,57,205,6,12,1,7,4,5,,,,,,4,0,0.6,0.2,1.3,1.3,1.55,1.4,1.3,1.35,1.2,1.2,1.2,1.2,1.2,1.2,20,0.25,1,0,0,0.2,0.75,27
Arrow ,ANVL Arrow Flight Blade HND,Better Handling,Normal,610246,221,1190,505,255,4.6,2.5,3.6,3.8,3.8,1.5,1.4,1.2,1.3,1.4,97.5,0,1.85,195,999,76,58,207,6,12,1,7,4,5,,,,,,4,0,0.6,0.2,1.3,1.3,1.55,1.4,1.3,1.35,1.2,1.2,1.2,1.2,1.2,1.2,20,0.25,1,0,0,0.2,0.75,27
Arrow ,ANVL Arrow Flight Blade SPD,Better Speed,Normal,610246,237,1240,525,275,4.6,2.5,3.6,3.8,3.8,1.5,1.4,1.2,1.3,1.4,97.5,0,1.85,195,999,74,56,203,6,12,1,7,4,5,,,,,,4,0,0.6,0.2,1.3,1.3,1.55,1.4,1.3,1.35,1.2,1.2,1.2,1.2,1.2,1.2,20,0.25,1,0,0,0.2,0.75,27
Asgard,ANVL Asgard,Base,Normal,610246,203,1075,425,240,4.6,2.5,3.6,3.8,3.8,1.5,1.4,1.2,1.3,1.4,97.5,0,1.85,195,999,32.5,27.5,95,12,12,0.85,7,4,5,,,,,,6,0,1.2,0.2,1.2,1.2,1.5,1.4,1.3,1.4,1.2,1.2,1.2,1.2,1.2,1.2,20,0.1,1,0,0,0.9,0.75,28
Carrack,ANVL Carrack,Base,Normal,3275858,140,1050,315,160,3.8,1.5,1.1,2,1.1,1.5,1.2,1.35,1.3,1.2,360,0.048,10.6,195,999,16,16,30,12,14,1,7,4,5,,,,,,8,0,2,0.2,1.35,1.35,1.5,1.2,1.3,1.2,1.2,1.2,1.2,1.2,1.2,1.2,20,0.25,1,0,0,1.3,0.75,28
Gladiator,ANVL Gladiator,Base,Normal,86108,210,1125,480,250,9.5,3.8,5.7,6.6,2.8,1.55,1.4,1.35,1.3,1.35,15,0,1.3,255,830,40,40,130,3,11.2,0.6,7,4,5,,,,,,4,0,0.6,0.2,1.35,1.35,1.55,1.4,1.3,1.35,1.2,1.2,1.2,1.2,1.2,1.2,20,0.25,1,0,0,0.5,0.75,27
Hawk,ANVL Hawk,Base,Normal,64166,225,1217,490,250,12.8,4.1,9.7,9.7,4.8,1.55,1.4,1.3,1.3,1.35,10.5,0,1.1,80,420,63,52,190,6,10.5,0.35,7,4,5,,,,,,4,0,0.6,0.2,1.3,1.3,1.55,1.4,1.3,1.35,1.2,1.2,1.2,1.2,1.2,1.2,20,0.25,1,0,0,0.2,0.75,27
F7A Hornet,ANVL Hornet F7A,Base,Normal,72032,220,1150,480,250,10.7,3.8,6.9,7.8,4.2,1.55,1.4,1.35,1.35,1.35,14,0.00216,1.3,225,900,55,44,149,3,11.76,1,7,4,5,,,,,,4,0,0.6,0.3,1.35,1.35,1.55,1.4,1.35,1.35,1.2,1.2,1.2,1.2,1.2,1.2,20,0.25,1,0,0,0.5,0.75,27
F7A Hornet Mk I,ANVL Hornet F7A Mk1,Base,Normal,72032,220,1146,479,249,10.7,3.8,6.9,7.8,4.2,1.55,1.4,1.35,1.35,1.35,14,0.00216,1.3,225,900,53,42,147,3,11.76,1,7,4,5,,,,,,4,0,0.6,0.3,1.35,1.35,1.55,1.4,1.35,1.35,1.2,1.2,1.2,1.2,1.2,1.2,20,0.25,1,0,0,0.5,0.75,27
F7A Hornet Mk II,ANVL Hornet F7A Mk2,Base,Normal,66117,220,1146,479,249,10.8,3.9,7.3,7.7,4.4,1.55,1.4,1.35,1.35,1.35,16,0.00216,1.3,140,840,50,40,143,3,11.76,1,7,4,5,,,,,,4,0,0.6,0.3,1.35,1.35,1.55,1.4,1.35,1.35,1.2,1.2,1.2,1.2,1.2,1.2,20,0.25,1,0,0,0.5,0.75,27
F7C Hornet Mk I,ANVL Hornet F7C,Base,Normal,72032,220,1150,480,250,11.4,4,7.9,8.2,7.5,1.55,1.4,1.35,1.35,1.35,12,0.00216,1.3,150,770,55,44,149,3,11.76,1,7,4,5,,,,,,4,0,0.6,0.3,1.35,1.35,1.55,1.4,1.35,1.35,1.2,1.2,1.2,1.2,1.2,1.2,20,0.25,1,0,0,0.5,0.75,27
F7C Hornet Mk II,ANVL Hornet F7C Mk2,Base,Normal,62117,220,1150,480,250,11,3.9,7.6,8,4.6,1.55,1.4,1.35,1.35,1.35,16,0.00216,1.3,140,840,52,43,148,3,11.76,1,7,4,5,,,,,,4,0,0.6,0.3,1.35,1.35,1.55,1.4,1.35,1.35,1.2,1.2,1.2,1.2,1.2,1.2,20,0.25,1,0,0,0.5,0.75,27
F7C-M Super Hornet Mk I,ANVL Hornet F7CM,Base,Normal,76786,219,1142,477,249,10.9,3.9,7.2,7.9,4.4,1.55,1.4,1.35,1.35,1.35,13.5,0.00216,1.3,110,870,53,42,145,3,11.76,1,7,4,5,,,,,,4,0,0.6,0.3,1.35,1.35,1.55,1.4,1.35,1.35,1.2,1.2,1.2,1.2,1.2,1.2,20,0.25,1,0,0,0.5,0.75,27
F7C-M Super Hornet Mk II,ANVL Hornet F7CM Mk2,Base,Normal,68317,215,1125,465,240,9.8,3.2,6.5,6.9,4,1.55,1.4,1.35,1.35,1.35,16,0.00216,1.3,150,840,50,40,140,3,11.76,1,7,4,5,,,,,,4,0,0.6,0.3,1.35,1.35,1.55,1.4,1.35,1.35,1.2,1.2,1.2,1.2,1.2,1.2,20,0.25,1,0,0,0.5,0.75,27
F7C-R Hornet Tracker Mk I,ANVL Hornet F7CR,Base,Normal,72097,219,1142,477,249,11.2,4,7.6,8,4.7,1.55,1.4,1.35,1.35,1.35,12,0.00216,1.8,150,770,56,45,150,3,11.76,1,7,4,5,,,,,,4,0,0.6,0.3,1.35,1.35,1.55,1.4,1.35,1.35,1.2,1.2,1.2,1.2,1.2,1.2,20,0.25,1,0,0,0.5,0.75,27
F7C-R Hornet Tracker Mk II,ANVL Hornet F7CR Mk2,Base,Normal,66117,220,1150,480,250,11,3.9,7.6,8,4.6,1.55,1.4,1.35,1.35,1.35,14.4,0.00216,1.8,130,750,52,43,148,3,11.76,1,7,4,5,,,,,,4,0,0.6,0.3,1.35,1.35,1.55,1.4,1.35,1.35,1.2,1.2,1.2,1.2,1.2,1.2,20,0.25,1,0,0,0.5,0.75,27
F7C-S Hornet Ghost Mk I,ANVL Hornet F7CS,Base,Normal,71624,219,1142,477,249,11.1,4,7.8,8.1,4.8,1.55,1.4,1.35,1.35,1.35,12,0.00216,1.3,150,770,55,44,149,3,11.76,1,7,4,5,,,,,,4,0,0.6,0.3,1.35,1.35,1.55,1.4,1.35,1.35,1.2,1.2,1.2,1.2,1.2,1.2,20,0.25,1,0,0,0.5,0.75,27
F7C-S Hornet Ghost Mk II,ANVL Hornet F7CS Mk2,Base,Normal,66117,220,1150,480,250,11,3.9,7.6,8,4.6,1.55,1.4,1.35,1.35,1.35,14.4,0.00216,1.3,130,750,51,42,147,3,11.76,1,7,4,5,,,,,,4,0,0.6,0.3,1.35,1.35,1.55,1.4,1.35,1.35,1.2,1.2,1.2,1.2,1.2,1.2,20,0.25,1,0,0,0.5,0.75,27
Hurricane,ANVL Hurricane,Base,Normal,86745,214,1125,480,225,10,3.6,7.5,7.5,4.4,1.55,1.4,1.33,1.3,1.34,13.5,0,1.3,110,630,46,37,130,3,11,1,7,4,5,,,,,,4,0,0.6,0.2,1.33,1.33,1.55,1.4,1.3,1.34,1.2,1.2,1.2,1.2,1.2,1.2,20,0.25,1,0,0,0.7,0.75,27
F8,ANVL Lightning F8,Base,Normal,153775,210,1075,445,218,10,3.5,6.5,6.5,3.5,1.5,1.4,1.35,1.3,1.4,37.2,0.00216,1.3,180,999,38,35,140,3,12,1,7,4,5,,,,,,6,0,0.6,0.3,1.35,1.35,1.5,1.4,1.3,1.4,1.2,1.2,1.2,1.2,1.2,1.2,20,0.25,1,0,0,0.7,0.75,27
F8C Lightning,ANVL Lightning F8C,Base,Normal,153775,210,1075,445,218,10,3.5,6.5,6.5,3.5,1.5,1.4,1.35,1.3,1.4,37.2,0.00216,1.3,180,999,38,35,140,3,12,1,7,4,5,,,,,,6,0,0.6,0.3,1.35,1.35,1.5,1.4,1.3,1.4,1.2,1.2,1.2,1.2,1.2,1.2,20,0.25,1,0,0,0.7,0.75,27
Paladin,ANVL Paladin,Base,Normal,500000,175,950,340,200,4.5,2.3,2.5,2.4,1.9,1.5,1.2,1.35,1.3,1.2,61,0,3.85,140,999,23,19,45,12,12,0.3,7,4,5,,,,,,6,0,1.5,0.5,1.35,1.35,1.5,1.2,1.3,1.2,1.2,1.2,1.2,1.2,1.2,1.2,20,0.1,1,0,0,0.9,0.75,28
Pisces,ANVL Pisces,Base,Normal,10427000,220,1150,460,300,2.7,1.5,1.5,2,2,1.5,1.2,1.35,1.3,1.2,1100,0.0009,12.6,315,999,60,60,150,3,7,1,7,4,5,,,,,,4,0,0.6,0.2,1.3,1.3,1.55,1.4,1.3,1.3,1.2,1.2,1.2,1.2,1.2,1.2,20,0.25,1,0,0,1.1,0.75,28
C8R Pisces Rescue,ANVL Pisces C8R,Base,Normal,45243,220,1150,460,300,7.9,2.4,4.4,6.2,5.4,1.55,1.4,1.3,1.3,1.3,3.2,0.00072,1.8,39,112,56,56,142,3,7,1,7,4,5,,,,,,4,0,0.6,0.2,1.3,1.3,1.55,1.4,1.3,1.3,1.2,1.2,1.2,1.2,1.2,1.2,20,0.25,1,0,0,1.1,0.75,28
C8R Pisces Rescue,ANVL Pisces C8R Flight Blade HND,Better Handling,Normal,45243,212,1125,450,290,7.9,2.4,4.4,6.2,5.4,1.55,1.4,1.3,1.3,1.3,3.2,0.00072,1.8,39,112,57,57,144,3,7,1,7,4,5,,,,,,4,0,0.6,0.2,1.3,1.3,1.55,1.4,1.3,1.3,1.2,1.2,1.2,1.2,1.2,1.2,20,0.25,1,0,0,1.1,0.75,28
C8R Pisces Rescue,ANVL Pisces C8R Flight Blade SPD,Better Speed,Normal,45243,228,1175,470,310,7.9,2.4,4.4,6.2,5.4,1.55,1.4,1.3,1.3,1.3,3.2,0.00072,1.8,39,112,55,55,140,3,7,1,7,4,5,,,,,,4,0,0.6,0.2,1.3,1.3,1.55,1.4,1.3,1.3,1.2,1.2,1.2,1.2,1.2,1.2,20,0.25,1,0,0,1.1,0.75,28
C8X Pisces Expedition,ANVL Pisces C8X,Base,Normal,45243,220,1150,460,300,7.9,2.4,4.4,6.2,5.4,1.55,1.4,1.3,1.3,1.3,3.2,0.00072,1.8,39,112,60,60,150,3,7,1,7,4,5,,,,,,4,0,0.6,0.2,1.3,1.3,1.55,1.4,1.3,1.3,1.2,1.2,1.2,1.2,1.2,1.2,20,0.25,1,0,0,1.1,0.75,28
C8X Pisces Expedition,ANVL Pisces C8X Flight Blade HND,Better Handling,Normal,45243,212,1125,450,290,7.9,2.4,4.4,6.2,5.4,1.55,1.4,1.3,1.3,1.3,3.2,0.00072,1.8,39,112,61,61,152,3,7,1,7,4,5,,,,,,4,0,0.6,0.2,1.3,1.3,1.55,1.4,1.3,1.3,1.2,1.2,1.2,1.2,1.2,1.2,20,0.25,1,0,0,1.1,0.75,28
C8X Pisces Expedition,ANVL Pisces C8X Flight Blade SPD,Better Speed,Normal,45243,228,1175,470,310,7.9,2.4,4.4,6.2,5.4,1.55,1.4,1.3,1.3,1.3,3.2,0.00072,1.8,39,112,59,59,148,3,7,1,7,4,5,,,,,,4,0,0.6,0.2,1.3,1.3,1.55,1.4,1.3,1.3,1.2,1.2,1.2,1.2,1.2,1.2,20,0.25,1,0,0,1.1,0.75,28
Pisces ,ANVL Pisces Flight Blade HND,Better Handling,Normal,10427000,212,1125,450,290,2.7,1.5,1.5,2,2,1.5,1.2,1.35,1.3,1.2,1100,0.0009,12.6,315,999,61,61,152,3,7,1,7,4,5,,,,,,4,0,0.6,0.2,1.3,1.3,1.55,1.4,1.3,1.3,1.2,1.2,1.2,1.2,1.2,1.2,20,0.25,1,0,0,1.1,0.75,28
Pisces ,ANVL Pisces Flight Blade SPD,Better Speed,Normal,10427000,228,1175,470,310,2.7,1.5,1.5,2,2,1.5,1.2,1.35,1.3,1.2,1100,0.0009,12.6,315,999,59,59,148,3,7,1,7,4,5,,,,,,4,0,0.6,0.2,1.3,1.3,1.55,1.4,1.3,1.3,1.2,1.2,1.2,1.2,1.2,1.2,20,0.25,1,0,0,1.1,0.75,28
Terrapin,ANVL Terrapin,Base,Normal,149850,200,1150,320,240,9.2,2.4,3,3.4,3.4,1.5,1.4,1.2,1.3,1.4,104.5,0.00108,1.8,870,999,35,35,120,6,8,0.3,7,4,5,,,,,,6,0,1.2,0.2,1.2,1.2,1.5,1.4,1.3,1.4,1.2,1.2,1.2,1.2,1.2,1.2,20,0.1,1,0,0,0.9,0.75,28
Terrapin Medic,ANVL Terrapin Medic,Base,Normal,149850,200,1150,320,240,9.2,2.4,3,3.4,3.4,1.5,1.4,1.2,1.3,1.4,104.5,0.00108,4,870,999,35,35,120,6,12,1,7,4,5,,,,,,4,0,1.2,0.2,1.2,1.2,1.5,1.4,1.3,1.4,1.2,1.2,1.2,1.2,1.2,1.2,20,0.1,1,0,0,0.9,0.75,28
Valkyrie,ANVL Valkyrie,Base,Normal,597246,207,1110,431,245,5.6,2.5,4.1,4.3,4.3,1.5,1.4,1.2,1.3,1.4,94.5,0,1.8,170,999,34,29,98,12,12,0.3,7,4,5,,,,,,6,0,1.2,0.2,1.2,1.2,1.5,1.4,1.3,1.4,1.2,1.2,1.2,1.2,1.2,1.2,20,0.1,1,0,0,0.9,0.75,28
MOLE,ARGO MOLE,Base,Normal,852686,140,960,340,150,4.9,3.4,2.7,3,2.9,1.41,1.39,1.3,1.4,1.3,200,0,2.6,315,999,30,30,75,1.8,3.7,1,7,4,5,,,,,,8,0,2.1,0.7,1.3,1.3,1.41,1.39,1.4,1.3,1.2,1.2,1.2,1.2,1.2,1.2,20,0.25,1,0,0,1.1,0.75,28
MOTH,ARGO MOTH,Base,Normal,852686,140,960,340,150,5,3.5,3,3,3,1.41,1.39,1.3,1.4,1.3,200,0,2.6,300,999,30,30,75,1.8,3.7,0.3,7,4,5,,,,,,8,0,2.1,0.7,1.3,1.3,1.41,1.39,1.4,1.3,1.2,1.2,1.2,1.2,1.2,1.2,20,0.25,1,0,0,1.1,0.75,28
MPUV Cargo,ARGO MPUV,Base,Normal,9210,170,890,360,140,3.8,2.7,1.9,2.8,2.4,1.4,1.35,1.3,1.3,1.3,3,0,0,80,93,30,30,85,10,7.5,1,7,4,5,,,,,,4,0,0.6,0.2,1.3,1.3,1.4,1.35,1.3,1.3,1.2,1.2,1.2,1.2,1.2,1.2,20,0.25,1,0,0,1.1,0.75,28
MPUV Tractor,ARGO MPUV 1T,Base,Normal,6195,175,895,365,145,5,2.9,1.6,4.9,2.1,1.4,1.35,1.3,1.3,1.3,3,0,0,80,93,35,35,85,3,7,1,7,4,5,,,,,,2,0,0.6,0.2,1.3,1.3,1.4,1.35,1.3,1.3,1.2,1.2,1.2,1.2,1.2,1.2,20,0.25,1,0,0,1.1,0.75,28
MPUV Tractor,ARGO MPUV 1T Flight Blade HND,Better Handling,Normal,6195,167,870,355,135,5,2.9,1.6,4.9,2.1,1.4,1.35,1.3,1.3,1.3,3,0,0,80,93,36,36,87,3,7,1,7,4,5,,,,,,2,0,0.6,0.2,1.3,1.3,1.4,1.35,1.3,1.3,1.2,1.2,1.2,1.2,1.2,1.2,20,0.25,1,0,0,1.1,0.75,28
MPUV Tractor,ARGO MPUV 1T Flight Blade SPD,Better Speed,Normal,6195,183,920,375,155,5,2.9,1.6,4.9,2.1,1.4,1.35,1.3,1.3,1.3,3,0,0,80,93,34,34,83,3,7,1,7,4,5,,,,,,2,0,0.6,0.2,1.3,1.3,1.4,1.35,1.3,1.3,1.2,1.2,1.2,1.2,1.2,1.2,20,0.25,1,0,0,1.1,0.75,28
MPUV Cargo,ARGO MPUV Flight Blade HND,Better Handling,Normal,9210,162,865,350,130,3.8,2.7,1.9,2.8,2.4,1.4,1.35,1.3,1.3,1.3,3,0,0,80,93,31,31,87,10,7.5,1,7,4,5,,,,,,4,0,0.6,0.2,1.3,1.3,1.4,1.35,1.3,1.3,1.2,1.2,1.2,1.2,1.2,1.2,20,0.25,1,0,0,1.1,0.75,28
MPUV Cargo,ARGO MPUV Flight Blade SPD,Better Speed,Normal,9210,178,915,370,150,3.8,2.7,1.9,2.8,2.4,1.4,1.35,1.3,1.3,1.3,3,0,0,80,93,29,29,83,10,7.5,1,7,4,5,,,,,,4,0,0.6,0.2,1.3,1.3,1.4,1.35,1.3,1.3,1.2,1.2,1.2,1.2,1.2,1.2,20,0.25,1,0,0,1.1,0.75,28
MPUV Personnel,ARGO MPUV Transport,Base,Normal,9210,170,890,360,140,3.8,2.7,1.9,2.8,2.4,1.4,1.35,1.3,1.3,1.3,3,0,0,80,93,30,30,85,10,7.5,1,7,4,5,,,,,,4,0,0.6,0.2,1.3,1.3,1.4,1.35,1.3,1.3,1.2,1.2,1.2,1.2,1.2,1.2,20,0.25,1,0,0,1.1,0.75,28
MPUV Personnel,ARGO MPUV Transport Flight Blade HND,Better Handling,Normal,9210,162,865,350,130,3.8,2.7,1.9,2.8,2.4,1.4,1.35,1.3,1.3,1.3,3,0,0,80,93,31,31,87,10,7.5,1,7,4,5,,,,,,4,0,0.6,0.2,1.3,1.3,1.4,1.35,1.3,1.3,1.2,1.2,1.2,1.2,1.2,1.2,20,0.25,1,0,0,1.1,0.75,28
MPUV Personnel,ARGO MPUV Transport Flight Blade SPD,Better Speed,Normal,9210,178,915,370,150,3.8,2.7,1.9,2.8,2.4,1.4,1.35,1.3,1.3,1.3,3,0,0,80,93,29,29,83,10,7.5,1,7,4,5,,,,,,4,0,0.6,0.2,1.3,1.3,1.4,1.35,1.3,1.3,1.2,1.2,1.2,1.2,1.2,1.2,20,0.25,1,0,0,1.1,0.75,28
RAFT,ARGO RAFT,Base,Normal,639886,140,990,340,150,4,2.1,3,3,2,1.4,1.4,1.3,1.4,1.3,225,0,1.8,450,999,30,30,75,10,7.5,1,7,4,5,,,,,,6,0,2.5,0.8,1.3,1.3,1.4,1.4,1.4,1.3,1.2,1.2,1.2,1.2,1.2,1.2,20,0.25,1,0,0,1.1,0.75,28
SRV,ARGO SRV,Base,Normal,449970,200,1100,460,235,3.8,2,1.3,2,2,1.35,1.4,1.3,1.4,1.3,28.5,0,3.1,90,660,30,30,60,10,7.5,1,7,4,5,,,,,,6,0,1.5,0.2,1.3,1.3,1.35,1.4,1.4,1.3,1.2,1.2,1.2,1.2,1.2,1.2,20,0.25,1,0,0,1.1,0.75,28
Defender,BANU Defender,Base,Normal,119930,222,1175,480,255,11.9,4.2,8.9,8.8,4.4,1.55,1.4,1.35,1.3,1.35,43,0,3.1,180,999,61,61,170,6,12,0.3,7,4,5,,,,,,4,0,0.6,0.2,1.35,1.35,1.55,1.4,1.3,1.35,1.2,1.2,1.2,1.2,1.2,1.2,20,0.25,1,0,0,0.5,0.75,27
HoverQuad,CNOU HoverQuad,Gravlev,Normal,4850,200,550,280,120,2.5,2.1,1.3,1.9,1.9,1.35,1.35,1.3,1.2,1.2,1.6,0,0,37,39,70,70,130,3,7,1,7,4,5,200,40,1,5,2,2,0.15,0,0.2,1.3,1.3,1.35,1.35,1.2,1.2,1.2,1.2,1.2,1.2,1.2,1.2,20,0.2,2,0,0,3.5,1.25,20
Mustang Alpha,CNOU Mustang Alpha,Base,Normal,31221,228,1218,500,260,12.7,4.2,9.8,9.8,5,1.55,1.4,1.3,1.3,1.35,6,0.00048,1.1,60,210,70,53,205,6,11.3,0.15,7,4,5,,,,,,4,0.15,0.6,0.3,1.3,1.3,1.55,1.4,1.3,1.35,1.2,1.2,1.2,1.2,1.2,1.2,20,0.25,1,0,0,0.2,0.75,27
Mustang Beta,CNOU Mustang Beta,Base,Normal,38113,228,1218,500,260,12.8,4.2,9.8,9.7,4.9,1.55,1.4,1.3,1.3,1.35,8,0.00024,1.1,80,280,70,53,205,6,11.3,0.15,7,4,5,,,,,,4,0.15,0.6,0.3,1.3,1.3,1.55,1.4,1.3,1.35,1.2,1.2,1.2,1.2,1.2,1.2,20,0.25,1,0,0,0.2,0.75,27
Mustang Delta,CNOU Mustang Delta,Base,Normal,35763,226,1195,500,260,12.4,4,9.5,9.5,4.9,1.55,1.4,1.3,1.3,1.35,7.5,0,1.1,70,260,69,52,202,6,11.3,0.15,7,4,5,,,,,,4,0.15,0.6,0.3,1.3,1.3,1.55,1.4,1.3,1.35,1.2,1.2,1.2,1.2,1.2,1.2,20,0.25,1,0,0,0.2,0.75,27
Mustang Gamma,CNOU Mustang Gamma,Base,Interceptor,28565,244,1230,533,273,14,4.7,11,11,6,1.55,1.4,1.3,1.3,1.35,6,0,1.1,60,200,84,65,235,6,11.3,0.15,7,4,5,,,,,,4,0,0.6,0.3,1.3,1.3,1.55,1.4,1.3,1.35,1.2,1.2,1.2,1.2,1.2,1.2,25,0.25,1,0,0,0.2,0.75,34
Mustang Omega,CNOU Mustang Omega,Base,Interceptor,28565,244,1230,533,273,14,4.7,11,11,6,1.55,1.4,1.3,1.3,1.35,6,0,1.1,60,200,84,65,235,6,11.3,0.15,7,4,5,,,,,,4,0,0.6,0.3,1.3,1.3,1.55,1.4,1.3,1.35,1.2,1.2,1.2,1.2,1.2,1.2,25,0.25,1,0,0,0.2,0.75,34
Nomad,CNOU Nomad,Base,Normal,216323,205,1100,450,230,10.1,3.5,6,7.8,4.7,1.55,1.4,1.3,1.3,1.35,32.8,0.00096,1.3,110,999,45,45,120,6,12,1,7,4,5,,,,,,4,0,0.6,0.2,1.3,1.3,1.55,1.4,1.3,1.35,1.2,1.2,1.2,1.2,1.2,1.2,20,0.25,1,0,0,0.2,0.75,27
Intrepid,CRUS Intrepid,Base,Normal,66943,227,1225,455,255,12.6,3.8,5.7,6.5,5.6,1.4,1.3,1.35,1.3,1.4,26,0.0018,1.8,160,610,48,48,145,8,11,0.5,7,4,5,,,,,,4,0,0.6,0.2,1.35,1.35,1.4,1.3,1.3,1.4,1.2,1.2,1.2,1.2,1.2,1.2,20,0.25,1,0,0,0.2,0.75,27
A1 Spirit,CRUS Spirit A1,Base,Normal,259271,204,1130,405,212,8.3,3,4,4,3,1.3,1.3,1.35,1.3,1.3,45,0.0018,1.8,130,840,38,30,101,6.5,10,1,7,4,5,,,,,,6,0,0.7,0.2,1.35,1.35,1.3,1.3,1.3,1.3,1.2,1.2,1.2,1.2,1.2,1.2,20,0.25,1,0,0,0.9,0.75,28
C1 Spirit,CRUS Spirit C1,Base,Normal,259271,204,1130,405,212,8.3,3,4,4,3,1.3,1.3,1.35,1.3,1.3,45,0.0018,1.8,130,840,38,30,101,6.5,10,1,7,4,5,,,,,,6,0,0.7,0.2,1.35,1.35,1.3,1.3,1.3,1.3,1.2,1.2,1.2,1.2,1.2,1.2,20,0.25,1,0,0,0.9,0.75,28
Mercury Star Runner,CRUS Star Runner,Base,Interceptor,680575,217,1300,510,218,6.2,3.1,2.6,3.1,2.6,1.7,1.2,1.35,1.3,1.2,100,0,3.2,210,999,25,23,53,1.95,4.15,1,7,4,5,,,,,,6,0,1.5,0.2,1.35,1.35,1.7,1.2,1.3,1.2,1.2,1.2,1.2,1.2,1.2,1.2,20,0.25,1,0,0,0.9,0.75,28
Ares Star Fighter Ion,CRUS Starfighter,Base,Normal,325001,205,1050,385,210,7.8,2.9,4.5,4.5,3.5,1.3,1.25,1.35,1.3,1.3,45,0,1.8,140,999,36,36,105,2.89,7.8,1,7,4,5,,,,,,6,0,0.6,0.2,1.35,1.35,1.3,1.25,1.3,1.3,1.2,1.2,1.2,1.2,1.2,1.2,20,0.25,1,0,0,0.7,0.75,27
Ares Star Fighter Inferno,CRUS Starfighter Inferno,Base,Normal,325001,205,1050,385,210,7.8,2.9,4.5,4.5,3.5,1.3,1.25,1.35,1.3,1.3,45,0,1.8,140,999,36,36,105,2.89,7.8,1,7,4,5,,,,,,6,0,0.6,0.2,1.35,1.35,1.3,1.25,1.3,1.3,1.2,1.2,1.2,1.2,1.2,1.2,20,0.25,1,0,0,0.7,0.75,27
C2 Hercules Starlifter,CRUS Starlifter,Base,Large,2339240,160,950,320,170,4.4,1.7,2.1,2.2,2.2,1.5,1.2,1.35,1.3,1.2,132,0,6.6,70,999,20,18,30,3,10,1,7,4,5,,,,,,8,0,2,0.2,1.35,1.35,1.5,1.2,1.3,1.2,1.5,1.5,2,1.5,2,1.5,20,0.25,1,0,0,1.1,0.75,28
A2 Hercules Starlifter,CRUS Starlifter A2,Base,Large,2339240,160,950,320,170,4.4,1.7,2.1,2.2,2.2,1.5,1.2,1.35,1.3,1.2,132,0,6.6,70,999,20,18,30,3,10,1,7,4,5,,,,,,8,0,2,0.2,1.35,1.35,1.5,1.2,1.3,1.2,1.5,1.5,2,1.5,2,1.5,20,0.25,1,0,0,1.1,0.75,28
M2 Hercules Starlifter,CRUS Starlifter M2,Base,Large,2339240,160,950,320,170,4.4,1.7,2.1,2.2,2.2,1.5,1.2,1.35,1.3,1.2,132,0,6.6,70,999,20,18,30,3,10,1,7,4,5,,,,,,8,0,2,0.2,1.35,1.35,1.5,1.2,1.3,1.2,1.5,1.5,2,1.5,2,1.5,20,0.25,1,0,0,1.1,0.75,28
Buccaneer,DRAK Buccaneer,Base,Interceptor,36527,240,1400,600,260,15,3.4,4.4,6,3.4,1.7,1.3,1.35,1.35,1.35,7.5,0,1.3,60,150,49,42,155,3,10.25,0.15,7,4,5,,,,,,4,0,0.4,0.2,1.35,1.35,1.7,1.3,1.35,1.35,1.2,1.2,1.2,1.2,1.2,1.2,25,0.25,1,0,0,0.4,0.75,34
Caterpillar,DRAK Caterpillar,Base,Normal,1508063,130,900,300,120,3.8,1.5,2.5,2.5,1.5,1.35,1.4,1.3,1.4,1.3,250.5,0.003,8.6,270,999,16,16,25,12,10,1,7,4,5,,,,,,8,0,2,0.2,1.3,1.3,1.35,1.4,1.4,1.3,1.2,1.2,1.2,1.2,1.2,1.2,20,0.25,1,0,0,1.3,0.75,28
Clipper,DRAK Clipper,Base,Normal,130562,205,1000,405,230,8.9,3.4,5.5,5.4,4.4,1.4,1.3,1.35,1.3,1.3,15,0.0018,1.7,70,280,38,38,125,6,8,0.45,7,4,5,,,,,,6,0,1.2,0.2,1.35,1.35,1.4,1.3,1.3,1.3,1.2,1.2,1.2,1.2,1.2,1.2,20,0.1,1,0,0,0.9,0.75,28
Command Module,DRAK Command Module,Base,Normal,120677,200,950,350,220,4.9,3.7,3.9,3.9,3.4,1.4,1.35,1.3,1.3,1.3,18,0.0009,1.7,130,500,25,25,80,12,10,0.6,7,4,5,,,,,,4,0,0.6,0.2,1.3,1.3,1.4,1.35,1.3,1.3,1.2,1.2,1.2,1.2,1.2,1.2,20,0.25,1,0,0,0.2,0.75,27
Corsair,DRAK Corsair,Base,Normal,380456,190,1025,390,205,5.1,2,2,2.6,2.1,1.5,1.2,1.35,1.3,1.2,116,0.00324,5.2,330,999,26,20,44,3,10,1,7,4,5,,,,,,6,0,1.5,0.2,1.35,1.35,1.5,1.2,1.3,1.2,1.2,1.2,1.2,1.2,1.2,1.2,20,0.25,1,0,0,0.9,0.75,28
Cutlass Black,DRAK Cutlass Black,Base,Normal,242177,217,1150,465,230,10.3,3.8,8,8.2,4.1,1.5,1.4,1.35,1.3,1.4,36,0.0012,1.8,100,670,39,35,110,3,10.5,0.3,7,4,5,,,,,,6,0.15,0.6,0.2,1.35,1.35,1.5,1.4,1.3,1.4,1.2,1.2,1.2,1.2,1.2,1.2,2800,0.25,20,1,0.1,0.7,100,29
Cutlass Blue,DRAK Cutlass Blue,Base,Normal,222300,220,1165,467,230,10.3,3.8,8,8.3,4.1,1.5,1.4,1.35,1.3,1.4,36,0.0012,1.8,110,670,38,34,110,3,10.5,0.3,7,4,5,,,,,,6,0.15,0.6,0.2,1.35,1.35,1.5,1.4,1.3,1.4,1.2,1.2,1.2,1.2,1.2,1.2,2800,0.25,20,1,0.1,0.7,100,29
Cutlass Red,DRAK Cutlass Red,Base,Normal,222300,212,1125,460,230,10.3,3.8,8,8.3,4.2,1.5,1.4,1.35,1.3,1.4,36,0.0012,1.8,110,670,37,32,107,3,10.5,0.3,7,4,5,,,,,,6,0.15,0.6,0.2,1.35,1.35,1.5,1.4,1.3,1.4,1.2,1.2,1.2,1.2,1.2,1.2,2800,0.25,20,1,0.1,0.7,100,29
Cutlass Steel,DRAK Cutlass Steel,Base,Normal,242177,200,1100,420,240,9.7,3.3,3.9,5.4,5.9,1.5,1.4,1.2,1.3,1.4,36,0.0012,1.8,120,670,35,30,100,3,10.5,0.3,7,4,5,,,,,,6,0,1.2,0.2,1.2,1.2,1.5,1.4,1.3,1.4,1.2,1.2,1.2,1.2,1.2,1.2,20,0.1,1,0,0,0.9,0.75,28
Cutter,DRAK Cutter,Base,Normal,81677,180,1010,380,160,8.4,3.1,6.6,5.2,3.6,1.4,1.35,1.3,1.3,1.3,12,0.0009,1.1,90,340,36,36,100,12,10,1,7,4,5,,,,,,4,0,0.6,0.2,1.3,1.3,1.4,1.35,1.3,1.3,1.2,1.2,1.2,1.2,1.2,1.2,20,0.25,1,0,0,0.2,0.75,27
Cutter Rambler,DRAK Cutter Expo,Base,Normal,81677,180,1010,380,160,8.4,3.1,6.6,5.2,3.6,1.4,1.35,1.3,1.3,1.3,24,0.0009,2.2,180,670,36,36,100,12,10,1,7,4,5,,,,,,4,0,0.6,0.2,1.3,1.3,1.4,1.35,1.3,1.3,1.2,1.2,1.2,1.2,1.2,1.2,20,0.25,1,0,0,0.2,0.75,27
Cutter Scout,DRAK Cutter Scout,Base,Normal,87677,180,1010,380,160,7.8,2.9,5.8,4.8,3.4,1.4,1.35,1.3,1.3,1.3,12,0.0009,1.1,90,340,36,36,100,12,10,1,7,4,5,,,,,,6,0,0.6,0.2,1.3,1.3,1.4,1.35,1.3,1.3,1.2,1.2,1.2,1.2,1.2,1.2,20,0.25,1,0,0,0.2,0.75,27
Dragonfly,DRAK Dragonfly,Gravlev,Normal,5600,190,523,270,120,2.4,2.1,1.5,1.9,1.9,1.35,1.35,1.3,1.2,1.2,1.5,0,0,46,49,70,70,130,3,7,1,7,4,5,190,40,1,5,2,2,0.15,0,0.2,1.3,1.3,1.35,1.35,1.2,1.2,1.2,1.2,1.2,1.2,1.2,1.2,20,0.2,2,0,0,3.5,1.25,20
Golem,DRAK Golem,Base,Normal,69217,203,1010,280,210,9.7,4.4,5.8,6.8,3.9,1.55,1.4,1.3,1.3,1.35,24,0.0009,0.95,70,610,43,43,140,3,7,0.45,7,4,5,,,,,,4,0,0.6,0.2,1.3,1.3,1.55,1.4,1.3,1.35,1.2,1.2,1.2,1.2,1.2,1.2,20,0.25,1,0,0,0.2,0.75,27
Golem OX,DRAK Golem OX,Base,Normal,76217,200,1000,280,210,9.7,4.3,5.8,6.8,3.8,1.55,1.4,1.3,1.3,1.35,24,0.0009,1.1,70,610,40,40,135,3,7,0.25,7,4,5,,,,,,4,0,0.6,0.2,1.3,1.3,1.55,1.4,1.3,1.35,1.2,1.2,1.2,1.2,1.2,1.2,20,0.25,1,0,0,0.2,0.75,27
Herald,DRAK Herald,Base,Normal,62205,245,1450,670,260,16.2,4.2,4.3,5.7,3.3,1.8,1.3,1.35,1.35,1.35,10.5,0,1.3,80,320,47,40,150,2.25,9.5,0.35,7,4,5,,,,,,4,0,0.4,0.2,1.35,1.35,1.8,1.3,1.35,1.35,1.2,1.2,1.2,1.3,1.2,1.2,20,0.25,1,0,0,0.4,0.75,27
Vulture,DRAK Vulture,Base,Normal,182983,200,1100,350,240,5.6,3,4.1,4.1,3,1.3,1.4,1.35,1.4,1.35,36,0.0012,1.1,195,999,55,55,125,12,10,0.35,7,4,5,,,,,,4,0,0.6,0.2,1.35,1.35,1.3,1.4,1.4,1.35,1.2,1.2,1.2,1.2,1.2,1.2,20,0.25,1,0,0,1.1,0.75,28
Prowler,ESPR Prowler,Base,Normal,148900,212,1200,450,240,9.1,3,4.1,5.1,5.1,1.5,1.4,1.2,1.3,1.4,39,0,2,180,720,38,32,110,6,12,0.6,7,4,5,,,,,,6,0,1.2,0.2,1.2,1.2,1.5,1.4,1.3,1.4,1.2,1.2,1.2,1.2,1.2,1.2,20,0.1,1,0,0,0.9,0.75,28
Prowler Utility,ESPR Prowler Utility,Base,Normal,171700,208,1110,437,240,8.2,3,3.6,4.6,4.6,1.5,1.4,1.2,1.3,1.4,43,0,2.25,195,800,35,30,100,6,12,0.6,7,4,5,,,,,,6,0,1.2,0.2,1.2,1.2,1.5,1.4,1.3,1.4,1.2,1.2,1.2,1.2,1.2,1.2,20,0.1,1,0,0,0.9,0.75,28
Talon,ESPR Talon,Base,Normal,46242,225,1190,500,260,13.1,4.2,9.7,6.9,5.2,1.55,1.4,1.3,1.3,1.35,8,0,1.1,55,220,68,54,195,6,12,0.25,7,4,5,,,,,,4,0,0.6,0.2,1.3,1.3,1.55,1.4,1.3,1.35,1.2,1.2,1.2,1.2,1.2,1.2,20,0.25,1,0,0,0.2,0.75,27
Talon Shrike,ESPR Talon Shrike,Base,Normal,46242,225,1190,500,260,13.5,4.4,10.1,7.1,5.3,1.55,1.4,1.3,1.3,1.35,8,0,1.1,55,220,68,54,195,6,12,0.25,7,4,5,,,,,,4,0,0.6,0.2,1.3,1.3,1.55,1.4,1.3,1.35,1.2,1.2,1.2,1.2,1.2,1.2,20,0.25,1,0,0,0.2,0.75,27
Syulen,GAMA Syulen,Base,Normal,77877,225,1175,450,230,9.2,4.1,9.2,9.2,5.1,1.55,1.4,1.3,1.3,1.3,40,0,1.1,195,670,42,42,135,8,11,0.25,7,4,5,,,,,,4,0,0.6,0.2,1.3,1.3,1.55,1.4,1.3,1.3,1.2,1.2,1.2,1.2,1.2,1.2,20,0.25,1,0,0,0.2,0.75,27
Shiv,GLSN Shiv,Base,Normal,206577,219,1175,479,230,10.4,3.7,6.4,6.4,3.9,1.5,1.4,1.35,1.3,1.4,32,0.0012,1.65,90,690,50,42,137,3,10.5,0.35,7,4,5,,,,,,6,0,0.6,0.3,1.35,1.35,1.5,1.4,1.3,1.4,1.2,1.2,1.2,1.2,1.2,1.2,20,0.25,1,0,0,0.2,0.75,27
L-21 Wolf,Krig l21 wolf,Base,Normal,23350,230,1225,510,250,15,4.7,9.7,9.7,5.5,1.4,1.3,1.35,1.3,1.4,9,0,0.9,80,200,72,52,210,6,12,0.3,7,4,5,,,,,,4,0,0.6,0.2,1.35,1.35,1.4,1.3,1.3,1.4,1.2,1.2,1.2,1.2,1.2,1.2,20,0.25,1,0,0,0.2,0.75,27
L-22 Alpha Wolf,Krig l22 alphawolf,Base,Normal,23350,225,1225,500,250,14,4.7,10.2,10.2,5.5,1.4,1.3,1.35,1.3,1.4,9,0,0.9,80,200,74,54,210,6,12,0.3,7,4,5,,,,,,4,0,0.6,0.2,1.35,1.35,1.4,1.3,1.3,1.4,1.2,1.2,1.2,1.2,1.2,1.2,20,0.25,1,0,0,0.2,0.75,27
P-52 Merlin,KRIG P52 Merlin,Base,Interceptor,7599,275,1450,605,290,16.5,3.5,6,5.9,4.5,1.65,1.3,1.35,1.35,1.35,7,0,0,140,230,58,50,200,3,12,1,7,4,5,,,,,,4,0,0.4,0.2,1.35,1.35,1.65,1.3,1.35,1.35,1.2,1.2,1.2,1.2,1.2,1.2,25,0.25,1,0,0,0.2,0.75,34
P-72 Archimedes,KRIG P72 Archimedes,Base,Interceptor,7599,270,1550,620,295,16.7,3.7,6.5,6.5,4.5,1.65,1.3,1.35,1.35,1.35,7,0.00021,0,150,230,57,57,190,3,12,1,7,4,5,,,,,,4,0,0.4,0.2,1.35,1.35,1.65,1.3,1.35,1.35,1.2,1.2,1.2,1.2,1.2,1.2,25,0.25,1,0,0,0.2,0.75,34
Fortune,MISC Fortune,Base,Normal,137700,143,975,350,150,5,3.8,2.9,3.8,3.7,1.4,1.4,1.3,1.4,1.3,21,0.00078,1.8,140,530,32,32,75,5,7.5,0.4,7,4,5,,,,,,4,0,2.1,0.7,1.3,1.3,1.4,1.4,1.4,1.3,1.2,1.2,1.2,1.2,1.2,1.2,20,0.25,1,0,0,2,0.75,29
Freelancer,MISC Freelancer,Base,Normal,219396,197,1050,400,205,6,2.5,4.5,4.5,3,1.3,1.4,1.35,1.4,1.35,108,0.003,1.8,570,999,32,32,103,12,10,1,7,4,5,,,,,,6,0,0.6,0.2,1.35,1.35,1.3,1.4,1.4,1.35,1.2,1.2,1.2,1.2,1.2,1.2,20,0.25,1,0,0,0.7,0.75,27
Freelancer DUR,MISC Freelancer DUR,Base,Normal,222418,200,1100,403,205,6.5,2.5,4.4,4.5,3,1.3,1.4,1.35,1.4,1.35,140,0.003,2.4,720,999,32,32,103,12,10,1,7,4,5,,,,,,6,0,0.6,0.2,1.35,1.35,1.3,1.4,1.4,1.35,1.2,1.2,1.2,1.2,1.2,1.2,20,0.25,1,0,0,0.7,0.75,27
Freelancer MAX,MISC Freelancer MAX,Base,Normal,341408,195,1025,395,205,6,2.5,3,3,2.5,1.3,1.4,1.35,1.4,1.35,58.5,0.003,1.8,195,999,30,30,95,12,10,1,7,4,5,,,,,,6,0,0.6,0.2,1.35,1.35,1.3,1.4,1.4,1.35,1.2,1.2,1.2,1.2,1.2,1.2,20,0.25,1,0,0,0.7,0.75,27
Freelancer MIS,MISC Freelancer MIS,Base,Normal,223553,204,1000,410,205,7.5,3,4.6,4.6,4,1.3,1.4,1.35,1.4,1.35,58,0.003,1.8,300,999,35,31,107,12,10,1,7,4,5,,,,,,6,0,0.6,0.2,1.35,1.35,1.3,1.4,1.4,1.35,1.2,1.2,1.2,1.2,1.2,1.2,20,0.25,1,0,0,0.7,0.75,27
Fury,MISC Fury,Base,Normal,13939,230,1263,550,260,13,4.5,10,10.8,10.8,1.55,1.4,1.3,1.3,1.3,2.75,0,0,47,95,69,69,215,3.15,11,1,7,4,5,,,,,,4,0,0.6,0.2,1.3,1.3,1.55,1.4,1.3,1.3,1.2,1.2,1.2,1.2,1.2,1.2,20,0.25,1,0,0,0.2,0.75,27
Fury LX,MISC Fury LX,Base,Interceptor,12832,900,1280,1280,900,16.5,4.5,12.3,12.9,12.9,1.55,1.35,1.35,1.35,1.35,2.75,0,0,40,76,72,72,230,3.15,11,1,7,4,5,,,,,,4,0,0.4,0.2,1.35,1.35,1.55,1.35,1.35,1.35,1.2,1.2,1.2,1.2,1.2,1.2,25,0.25,1,0,0,0.2,0.75,34
Fury MX,MISC Fury MX,Base,Normal,13939,230,1263,550,260,13,4.5,10,10.8,10.8,1.55,1.4,1.3,1.3,1.3,2.75,0,0,46,95,69,69,215,3.15,11,1,7,4,5,,,,,,4,0,0.6,0.2,1.3,1.3,1.55,1.4,1.3,1.3,1.2,1.2,1.2,1.2,1.2,1.2,20,0.25,1,0,0,0.2,0.75,27
Hull A,MISC Hull A,Base,Normal,107050,185,1050,385,195,7.4,4,4.4,4.4,4,1.4,1.4,1.3,1.4,1.3,16.4,0.00042,1.8,110,440,42,42,100,10,7.5,1,7,4,5,,,,,,4,0,2,0.7,1.3,1.3,1.4,1.4,1.4,1.3,1.2,1.2,1.2,1.2,1.2,1.2,20,0.25,1,0,0,1.1,0.75,28
Hull B,MISC Hull B,Base,Normal,472368,145,960,340,180,5.6,3.4,3.5,3.5,2.4,1.4,1.4,1.3,1.4,1.3,210,0.0009,5.7,450,999,33,33,90,3,7,0.8,7,4,5,,,,,,4,0,2,0.7,1.3,1.3,1.4,1.4,1.4,1.3,1.2,1.2,1.2,1.2,1.2,1.2,20,0.25,1,0,0,1.1,0.75,28
Hull C,MISC Hull C,Base,Normal,726530,110,890,290,100,3,2.2,0.8,2.2,2.2,1.35,1.4,1.3,1.4,1.3,877,0.003,8.6,999,999,16,16,25,12,10,1,7,4,5,,,,,,8,0,2,0.2,1.3,1.3,1.35,1.4,1.4,1.3,1.2,1.2,1.2,1.2,1.2,1.2,20,0.25,1,0,0,1.1,0.75,28
Prospector,MISC Prospector,Base,Normal,122096,156,994,371,160,5,3.8,3,3.5,3.5,1.4,1.4,1.3,1.4,1.3,21,0.00078,1.8,150,650,35,35,75,5,7.5,1,7,4,5,,,,,,6,0,2.1,0.7,1.3,1.3,1.4,1.4,1.4,1.3,1.2,1.2,1.2,1.2,1.2,1.2,20,0.25,1,0,0,1.1,0.75,28
Razor,MISC Razor,Base,Interceptor,10861,265,1450,595,290,16.5,3.6,7,7,4.5,1.65,1.3,1.35,1.35,1.35,3,0,1,58,104,59,52,205,3,14,1,7,4,5,,,,,,4,0,0.4,0.2,1.35,1.35,1.65,1.3,1.35,1.35,1.2,1.2,1.2,1.2,1.2,1.2,20,0.25,1,0,0,0.2,0.75,27
Razor EX,MISC Razor EX,Base,Interceptor,10860,265,1450,595,290,16.5,3.6,7,6.9,4.5,1.65,1.3,1.35,1.35,1.35,3,0,1,58,104,59,52,205,3,14,1,7,4,5,,,,,,4,0,0.4,0.2,1.35,1.35,1.65,1.3,1.35,1.35,1.2,1.2,1.2,1.2,1.2,1.2,20,0.25,1,0,0,0.2,0.75,27
Razor LX,MISC Razor LX,Base,Interceptor,11701,275,1525,490,290,17,3.6,8,8,4.5,1.65,1.3,1.35,1.35,1.35,3,0,1,58,104,62,62,205,3,14,1,7,4,5,,,,,,4,0,0.4,0.2,1.35,1.35,1.65,1.3,1.35,1.35,1.2,1.2,1.2,1.2,1.2,1.2,25,0.25,1,0,0,0.2,0.75,34
Reliant Kore,MISC Reliant Kore,Base,Normal,35153,218,1150,480,250,11.6,5.2,7.9,7.9,7.9,1.55,1.4,1.33,1.3,1.35,10.5,0.00048,1.3,120,330,54,43,140,3,10.4,1,7,4,5,,,,,,4,0,0.6,0.2,1.33,1.33,1.55,1.4,1.3,1.35,1.2,1.2,1.2,1.2,1.2,1.2,20,0.25,1,0,0,0.5,0.75,27
Reliant Mako,MISC Reliant Mako,Base,Normal,35153,220,1150,480,250,11.3,5.5,7.9,7.9,7.9,1.55,1.4,1.33,1.3,1.35,10.5,0.00024,1.3,120,320,54,43,138,3,10.4,1,7,4,5,,,,,,4,0,0.6,0.2,1.33,1.33,1.55,1.4,1.3,1.35,1.2,1.2,1.2,1.2,1.2,1.2,20,0.25,1,0,0,0.5,0.75,27
Reliant Sen,MISC Reliant Sen,Base,Normal,35153,220,1150,480,250,11.3,5.5,7.9,7.9,7.9,1.55,1.4,1.33,1.3,1.35,10.5,0.00024,1.8,120,320,54,43,138,3,10.4,1,7,4,5,,,,,,4,0,0.6,0.2,1.33,1.33,1.55,1.4,1.3,1.35,1.2,1.2,1.2,1.2,1.2,1.2,20,0.25,1,0,0,0.5,0.75,27
Reliant Tana,MISC Reliant Tana,Base,Normal,34968,222,1150,480,250,11.8,6.3,8.4,8.4,8.4,1.55,1.4,1.33,1.3,1.35,7.5,0,1.3,80,230,58,45,155,3,10.4,1,7,4,5,,,,,,4,0,0.6,0.2,1.33,1.33,1.55,1.4,1.3,1.35,1.2,1.2,1.2,1.2,1.2,1.2,20,0.25,1,0,0,0.5,0.75,27
Starfarer,MISC Starfarer,Base,Normal,3466606,106,845,295,106,2.6,1.4,1.5,2.1,2,1.35,1.4,1.3,1.4,1.3,652.2,0.0132,8.6,570,999,23,23,45,12,10,1,7,4,5,,,,,,8,0,2.1,0.7,1.3,1.3,1.35,1.4,1.4,1.3,1.2,1.2,1.2,1.2,1.2,1.2,20,0.1,1,0,0,1.1,0.75,28
Starfarer Gemini,MISC Starfarer Gemini,Base,Normal,3494690,106,845,295,106,2.6,1.4,1.5,2.1,2,1.35,1.4,1.3,1.4,1.3,652.2,0.006,8.6,570,999,23,23,45,12,10,1,7,4,5,,,,,,8,0,2.1,0.7,1.3,1.3,1.35,1.4,1.4,1.3,1.2,1.2,1.2,1.2,1.2,1.2,20,0.1,1,0,0,1.1,0.75,28
Starlancer MAX,MISC Starlancer,Base,Normal,498071,160,990,325,165,3.2,1.7,2,2.4,2.4,1.35,1.4,1.3,1.4,1.3,50,0.003,3.6,90,910,31,31,65,12,10,1.5,7,4,5,,,,,,6,0,2,0.2,1.3,1.3,1.35,1.4,1.4,1.3,1.2,1.2,1.2,1.2,1.2,1.2,20,0.25,1,0,0,3,0.75,30
Starlancer TAC,MISC Starlancer TAC,Base,Normal,738071,150,960,315,155,2.9,1.6,1.8,2.1,2.1,1.35,1.4,1.3,1.4,1.3,48,0.003,3.35,80,940,27,27,60,12,10,1.8,7,4,5,,,,,,6,0,2,0.2,1.3,1.3,1.35,1.4,1.4,1.3,1.2,1.2,1.2,1.2,1.2,1.2,20,0.25,1,0,0,3,0.75,30
Guardian,MRAI Guardian,Base,Normal,113100,213,1125,465,225,10.1,3.8,8.2,8.2,8.2,1.5,1.4,1.35,1.3,1.4,9,0.0018,1.8,56,230,45,45,130,10,10,0.2,7,4,5,,,,,,10,0,0.6,0.3,1.35,1.35,1.5,1.4,1.3,1.4,1.2,1.2,1.2,1.2,1.2,1.2,20,0.1,1,0,0,0.7,0.75,27
Guardian MX,MRAI Guardian MX,Base,Normal,123540,208,1100,455,221,9.1,3.5,6.8,6.8,6.8,1.5,1.4,1.35,1.3,1.4,9,0.0018,1.8,58,230,39,39,120,10,10,0.2,7,4,5,,,,,,10,0,0.6,0.3,1.35,1.35,1.5,1.4,1.3,1.4,1.2,1.2,1.2,1.2,1.2,1.2,20,0.1,1,0,0,0.7,0.75,27
Guardian QI,MRAI Guardian QI,Base,Normal,113100,210,1100,460,223,10.3,3.8,8.2,8.2,8.2,1.5,1.4,1.35,1.3,1.4,9,0.0018,1.8,56,230,42,42,125,10,10,0.2,7,4,5,,,,,,10,0,0.6,0.3,1.35,1.35,1.5,1.4,1.3,1.4,1.2,1.2,1.2,1.2,1.2,1.2,20,0.1,1,0,0,0.7,0.75,27
Pulse,MRAI Pulse,Gravlev,Normal,2140,204,561,284,124,2.7,2.4,1.3,1.9,1.9,1.3,1.3,1.3,1.2,1.2,0.65,0,0,18,19,84,84,135,3,7,1,7,4,5,204,55,1,3,2.5,2,0.15,0,0.2,1.3,1.3,1.3,1.3,1.2,1.2,1.2,1.2,1.2,1.2,1.2,1.2,15,0.2,2,0,0,2,2,10
Pulse LX,MRAI Pulse LX,Gravlev,Normal,2140,218,600,298,138,2.9,2.5,1.5,2.2,2.2,2.3,1.2,1.8,1.2,1.2,0.65,0,0,17,18,97,97,145,3,7,1,7,4,5,218,80,1,3,3,2,0.15,0,0.2,1.8,1.8,2.3,1.2,1.2,1.2,1.2,1.2,1.2,1.2,1.2,1.2,10,0.2,4,0,0,1,4,4
100i,ORIG 100i,Base,Normal,45143,223,1230,610,290,11.9,3.6,5.5,5.5,4.7,1.55,1.4,1.3,1.3,1.35,6.5,0.0018,1.3,60,230,60,52,155,3,7,0.4,7,4,5,,,,,,4,0,0.4,0.2,1.3,1.3,1.55,1.4,1.3,1.35,1.2,1.2,1.2,1.2,1.2,1.2,20,0.25,1,0,0,0.2,0.75,27
125a,ORIG 125a,Base,Normal,45143,230,1260,610,300,12.3,3.8,6.1,6.1,5.2,1.55,1.4,1.3,1.3,1.35,6.5,0.0018,1.3,58,230,65,52,150,3,7,0.4,7,4,5,,,,,,4,0,0.4,0.2,1.3,1.3,1.55,1.4,1.3,1.35,1.2,1.2,1.2,1.2,1.2,1.2,20,0.25,1,0,0,0.2,0.75,27
135c,ORIG 135c,Base,Normal,45143,220,1250,610,290,11.4,4,5.5,5.5,4.7,1.55,1.4,1.3,1.3,1.35,6.5,0.0018,1.3,60,230,60,52,150,3,7,0.4,7,4,5,,,,,,4,0,0.4,0.2,1.3,1.3,1.55,1.4,1.3,1.35,1.2,1.2,1.2,1.2,1.2,1.2,20,0.25,1,0,0,0.2,0.75,27
300i,ORIG 300i,Base,Interceptor,69677,258,1440,550,270,15.6,3.7,5.5,5.5,3.9,1.65,1.3,1.35,1.35,1.35,10.5,0.00072,1.3,70,390,50,46,175,7,10,1,7,4,5,,,,,,4,0.15,0.4,0.2,1.35,1.35,1.65,1.3,1.35,1.35,1.2,1.2,1.2,1.2,1.2,1.2,20,0.25,1,0,0,0.2,0.75,27
315p,ORIG 315p,Base,Interceptor,70592,258,1460,550,270,16,3.7,5.5,5.5,3.9,1.65,1.3,1.35,1.35,1.35,18,0.00072,1.8,110,670,50,46,175,7,10,1,7,4,5,,,,,,4,0.15,0.4,0.2,1.35,1.35,1.65,1.3,1.35,1.35,1.2,1.2,1.2,1.2,1.2,1.2,20,0.25,1,0,0,0.2,0.75,27
325a,ORIG 325a,Base,Interceptor,69324,260,1430,600,270,16.1,3.7,6,6,4,1.65,1.3,1.35,1.35,1.35,18,0,1.3,110,670,54,48,180,7,10,1,7,4,5,,,,,,4,0.15,0.4,0.2,1.35,1.35,1.65,1.3,1.35,1.35,1.2,1.2,1.2,1.2,1.2,1.2,20,0.25,1,0,0,0.2,0.75,27
350r,ORIG 350r,Base,Interceptor,78107,265,1500,490,270,16.5,4,6.4,6.5,4,1.65,1.3,1.35,1.35,1.35,27,0,1.3,150,999,56,56,180,7,10,1,7,4,5,,,,,,4,0,0.4,0.2,1.35,1.35,1.65,1.3,1.35,1.35,1.2,1.2,1.2,1.2,1.2,1.2,25,0.25,1,0,0,0.2,0.75,34
400i,ORIG 400i,Base,Normal,400457,215,1225,500,216,5.7,2.8,3.3,3.3,2.8,1.5,1.2,1.35,1.3,1.2,60,0.003,3.6,160,999,35,35,70,2.5,4.87,1,7,4,5,,,,,,6,0,1.5,0.2,1.35,1.35,1.5,1.2,1.3,1.2,1.2,1.2,1.2,1.2,1.2,1.2,20,0.25,1,0,0,0.9,0.75,28
600i,ORIG 600i,Base,Capital,1544667,165,975,325,185,4.1,2,2,3.6,2,1.5,1.2,1.35,1.3,1.2,180,0.009,5.1,195,999,19,19,30,12,14,1,7,4,5,,,,,,8,0,2,0.2,1.35,1.35,1.5,1.2,1.3,1.2,1.5,1.5,2,1.5,2,1.5,20,0.25,1,0,0,1.1,0.75,28
85X Limited,ORIG 85X,Base,Normal,18994,235,1250,560,270,14.8,4.5,10.5,10.5,5.4,1.65,1.3,1.35,1.35,1.35,4.5,0,1,59,160,75,60,220,10,14,1,7,4,5,,,,,,4,0,0.6,0.2,1.35,1.35,1.65,1.3,1.35,1.35,1.2,1.2,1.2,1.2,1.2,1.2,20,0.25,1,0,0,0.2,0.75,27
890 Jump,ORIG 890J,Base,Capital,43896159,110,915,280,115,2.5,1.5,1,2,1.5,1.5,1.2,1.35,1.3,1.2,1200,0.036,14.6,80,999,10,10,15,12,14,1,7,4,5,,,,,,10,0,2.5,0.2,1.35,1.35,1.5,1.2,1.3,1.2,1.5,1.5,2,1.5,2,1.5,20,0.25,1,0,0,4,0.75,31
M50 Interceptor,ORIG m50,Base,Interceptor,9772,280,1575,490,290,18.2,4,5.4,5.5,4.4,1.65,1.3,1.35,1.35,1.35,3,0,1,70,119,55,55,200,3,14.25,1,7,4,5,,,,,,4,0,0.4,0.2,1.35,1.35,1.65,1.3,1.35,1.35,1.2,1.2,1.2,1.2,1.2,1.2,25,0.25,1,0,0,0.2,0.75,34
X1,ORIG X1,Gravlev,Normal,4730,207,569,287,127,2.7,2.6,1.3,1.9,1.9,1.35,1.35,1.35,1.2,1.2,0.9,0,0,18,19,80,80,135,3,7,1,7,4,5,207,60,1,5,2.5,2,0.15,0,0.2,1.35,1.35,1.35,1.35,1.2,1.2,1.2,1.2,1.2,1.2,1.2,1.2,15,0.2,2,0,0,2,2,10
X1 Velocity,ORIG X1 Velocity,Gravlev,Normal,4730,222,611,302,142,3,2.8,1.5,2.4,2.3,2.3,1.2,2,1.2,1.2,0.9,0,0,19,20,93,93,140,3,7,1,7,4,5,222,87,1,5,3,2,0.15,0,0.2,2,2,2.3,1.2,1.2,1.2,1.2,1.2,1.2,1.2,1.2,1.2,11,0.2,4,0,0,2,4,5
Apollo Medivac,RSI Apollo Medivac,Base,Normal,630456,175,1000,340,180,4.2,2.5,3,2,2,1.4,1.4,1.3,1.4,1.3,63,0.00108,4.5,130,999,27,20,65,6,12,0.7,7,4,5,,,,,,4,0,1.2,0.2,1.3,1.3,1.4,1.4,1.4,1.3,1.2,1.2,1.2,1.2,1.2,1.2,20,0.1,1,0,0,0.9,0.75,28
Apollo Triage,RSI Apollo Triage,Base,Normal,630456,170,1025,345,180,4,2.5,2.5,2,2,1.4,1.4,1.3,1.4,1.3,63,0.00108,4.35,140,999,24,24,65,6,12,0.7,7,4,5,,,,,,4,0,1.2,0.2,1.3,1.3,1.4,1.4,1.4,1.3,1.2,1.2,1.2,1.2,1.2,1.2,20,0.1,1,0,0,0.9,0.75,28
Aurora CL,RSI Aurora CL,Base,Normal,24774,220,1150,440,240,10.3,3.9,6,6,4.6,1.4,1.3,1.35,1.3,1.4,4.5,0.0003,1.1,80,170,58,53,135,6,12,0.3,7,4,5,,,,,,4,0,0.6,0.2,1.35,1.35,1.4,1.3,1.3,1.4,1.2,1.2,1.2,1.2,1.2,1.2,20,0.1,1,0,0,0.2,0.75,27
Aurora ES,RSI Aurora ES,Base,Normal,24838,222,1180,440,240,11.1,3.9,6.9,6.9,5.1,1.4,1.3,1.35,1.3,1.4,4.5,0.0003,1.1,80,170,62,57,140,6,12,0.3,7,4,5,,,,,,4,0,0.6,0.2,1.35,1.35,1.4,1.3,1.3,1.4,1.2,1.2,1.2,1.2,1.2,1.2,20,0.1,1,0,0,0.2,0.75,27
Aurora LN,RSI Aurora LN,Base,Normal,27066,225,1200,450,240,11.8,4,7.2,7.2,5.6,1.4,1.3,1.35,1.3,1.4,4.5,0,1.1,70,170,65,59,146,6,12,0.3,7,4,5,,,,,,4,0,0.6,0.2,1.35,1.35,1.4,1.3,1.3,1.4,1.2,1.2,1.2,1.2,1.2,1.2,20,0.1,1,0,0,0.2,0.75,27
Aurora LX,RSI Aurora LX,Base,Normal,25088,222,1250,440,240,11.5,3.9,6.2,6.2,5.1,1.4,1.3,1.35,1.3,1.4,4.5,0.0003,1.8,80,170,58,53,135,6,12,0.3,7,4,5,,,,,,4,0,0.6,0.2,1.35,1.35,1.4,1.3,1.3,1.4,1.2,1.2,1.2,1.2,1.2,1.2,20,0.1,1,0,0,0.2,0.75,27
Aurora Mk II,RSI Aurora Mk2,Base,Interceptor,63500,225,1230,460,240,11.5,3.8,6.5,6.5,5,1.65,1.3,1.35,1.3,1.4,10,0.0003,1.5,80,310,58,52,140,12,9,0.4,7,4,5,,,,,,4,0,0.6,0.2,1.35,1.35,1.65,1.3,1.3,1.4,1.2,1.2,1.2,1.2,1.2,1.2,20,0.25,1,0,0,0.6,0.75,27
Aurora MR,RSI Aurora MR,Base,Normal,26245,227,1230,470,240,12.3,3.9,6,6,4.7,1.4,1.3,1.35,1.3,1.4,4.5,0,1.1,70,170,59,51,137,6,12,0.3,7,4,5,,,,,,4,0,0.6,0.2,1.35,1.35,1.4,1.3,1.3,1.4,1.2,1.2,1.2,1.2,1.2,1.2,20,0.1,1,0,0,0.2,0.75,27
Bengal,RSI Bengal,Base,Normal,23219,22,900,290,230,13,4.4,10,10,4.9,1.55,1.4,1.3,1.3,1.35,8,0,1.1,100,280,2,2,8,3,7,1,7,4,5,,,,,,10,0.15,0,0.2,2,2,2,2,2,2,1.2,1.2,1.2,1.2,1.2,1.2,1000,0.25,50,1,0.2,1.3,50,21
Constellation Andromeda,RSI Constellation Andromeda,Base,Normal,386857,190,1000,390,191,5.2,2.6,2.6,3.1,2.6,1.5,1.2,1.35,1.3,1.2,66,0,4.1,240,999,25,21,45,3,12,1,7,4,5,,,,,,6,0,1.5,0.2,1.35,1.35,1.5,1.2,1.3,1.2,1.2,1.2,1.2,1.2,1.2,1.2,20,0.25,1,0,0,0.9,0.75,28
Constellation Aquila,RSI Constellation Aquila,Base,Normal,406543,180,1075,380,191,5,2.5,2.6,3.2,2.6,1.5,1.2,1.35,1.3,1.2,104.5,0.006,5.6,390,999,25,21,45,3,12,1,7,4,5,,,,,,6,0,1.5,0.2,1.35,1.35,1.5,1.2,1.3,1.2,1.2,1.2,1.2,1.2,1.2,1.2,20,0.25,1,0,0,0.9,0.75,28
Constellation Phoenix,RSI Constellation Phoenix,Base,Normal,383801,185,995,385,191,5.1,2.5,2.5,3.1,2.5,1.5,1.2,1.35,1.3,1.2,66,0,4.1,240,999,25,21,45,3,12,1,7,4,5,,,,,,6,0,1.5,0.2,1.35,1.35,1.5,1.2,1.3,1.2,1.2,1.2,1.2,1.2,1.2,1.2,20,0.25,1,0,0,0.9,0.75,28
Constellation Taurus,RSI Constellation Taurus,Base,Normal,383801,180,950,380,191,5,2.5,2.6,3.2,2.6,1.5,1.2,1.35,1.3,1.2,66,0.006,4.1,225,999,25,21,45,3,12,1,7,4,5,,,,,,6,0,1.5,0.2,1.35,1.35,1.5,1.2,1.3,1.2,1.2,1.2,1.2,1.2,1.2,1.2,20,0.25,1,0,0,0.9,0.75,28
Hermes,RSI Hermes,Base,Normal,630456,180,1200,370,170,3.9,2.4,1.9,1.9,1.9,1.4,1.4,1.3,1.4,1.3,70,0.00108,4.65,170,999,26,26,60,6,12,0.7,7,4,5,,,,,,4,0,1.2,0.2,1.3,1.3,1.4,1.4,1.4,1.3,1.2,1.2,1.2,1.2,1.2,1.2,20,0.1,1,0,0,0.9,0.75,28
Mantis,RSI Mantis,Base,Interceptor,224923,236,1400,605,257,14.9,3.5,4.4,5.8,3.4,1.67,1.3,1.35,1.35,1.35,31.61,0,1.3,100,999,50,42,160,3,10.25,0.15,7,4,5,,,,,,4,0,0.4,0.2,1.35,1.35,1.67,1.3,1.35,1.35,1.2,1.2,1.2,1.2,1.2,1.2,20,0.25,1,0,0,0.4,0.75,27
Meteor,RSI Meteor,Base,Interceptor,238832,229,1405,570,235,15.3,3,4.2,5.5,3.2,1.67,1.3,1.35,1.35,1.35,28.95,0,1.15,80,999,46,38,155,3,10.25,0.15,7,4,5,,,,,,4,0,0.4,0.2,1.35,1.35,1.67,1.3,1.35,1.35,1.2,1.2,1.2,1.2,1.2,1.2,20,0.25,1,0,0,0.4,0.75,27
Perseus,RSI Perseus,Base,Large,4037000,150,1050,350,160,5.4,1.8,1.9,1.9,1.9,1.5,1.2,1.35,1.3,1.2,400,0,7,150,999,15,15,25,3,7,0.45,7,4,5,,,,,,10,0,2,0.2,1.35,1.35,1.5,1.2,1.3,1.2,1.5,1.5,2,1.5,2,1.5,20,0.25,1,0,0,1.1,0.75,28
Polaris,RSI Polaris,Base,Large,10427000,145,940,250,155,2.7,1.5,1.5,2,2,1.5,1.2,1.35,1.3,1.2,1100,0.0009,12.6,315,999,10,8,14,5,12,0.4,7,4,5,,,,,,10,0,1.6,0.2,1.35,1.35,1.5,1.2,1.3,1.2,1.5,1.5,2,1.5,2,1.5,20,0.25,1,0,0,1.3,0.75,28
Salvation,RSI Salvation,Base,Normal,62245,205,1150,290,230,7.6,3.8,6.5,6.4,4.4,1.55,1.4,1.3,1.3,1.35,25,0.0009,1,100,700,45,45,140,3,7,0.35,7,4,5,,,,,,4,0,0.6,0.2,1.3,1.3,1.55,1.4,1.3,1.35,1.2,1.2,1.2,1.2,1.2,1.2,20,0.1,1,0,0,0.7,0.75,27
Scorpius,RSI Scorpius,Base,Interceptor,91462,230,1385,590,235,14.7,3.8,4.9,4.8,3.4,1.65,1.3,1.35,1.3,1.4,13.5,0,1.8,80,540,42,34,145,12,9,1,7,4,5,,,,,,4,0,0.6,0.2,1.35,1.35,1.65,1.3,1.3,1.4,1.2,1.2,1.2,1.2,1.2,1.2,20,0.25,1,0,0,0.6,0.75,27
Scorpius Antares,RSI Scorpius Antares,Base,Interceptor,91462,230,1385,590,235,14.3,3.7,4.8,4.7,3.3,1.65,1.3,1.35,1.3,1.4,13.5,0,1.8,80,540,42,34,145,12,9,1,7,4,5,,,,,,4,0,0.6,0.2,1.35,1.35,1.65,1.3,1.3,1.4,1.2,1.2,1.2,1.2,1.2,1.2,20,0.25,1,0,0,0.6,0.75,27
Scorpius Antares ,RSI Scorpius Antares Flight Blade HND,Better Handling,Normal,68391,222,1360,580,225,11.5,4,7,7,4,1.55,1.4,1.35,1.3,1.35,22,0,1.3,210,760,43,35,147,12,9,1,7,4,5,,,,,,4,0,0.6,0.2,1.35,1.35,1.65,1.3,1.3,1.4,1.2,1.2,1.2,1.2,1.2,1.2,20,0.25,1,0,0,0.6,0.75,27
Scorpius Antares ,RSI Scorpius Antares Flight Blade SPD,Better Speed,Normal,68391,238,1410,600,245,11.5,4,7,7,4,1.55,1.4,1.35,1.3,1.35,22,0,1.3,210,760,41,33,143,12,9,1,7,4,5,,,,,,4,0,0.6,0.2,1.35,1.35,1.65,1.3,1.3,1.4,1.2,1.2,1.2,1.2,1.2,1.2,20,0.25,1,0,0,0.6,0.75,27
Scorpius ,RSI Scorpius Flight Blade HND,Better Handling,Normal,91462,222,1360,580,225,14.3,3.7,4.8,4.7,3.3,1.65,1.3,1.35,1.3,1.4,13.5,0,1.8,80,540,43,35,147,12,9,1,7,4,5,,,,,,4,0,0.6,0.2,1.35,1.35,1.65,1.3,1.3,1.4,1.2,1.2,1.2,1.2,1.2,1.2,20,0.25,1,0,0,0.6,0.75,27
Scorpius ,RSI Scorpius Flight Blade SPD,Better Speed,Normal,91462,238,1410,600,245,14.3,3.7,4.8,4.7,3.3,1.65,1.3,1.35,1.3,1.4,13.5,0,1.8,80,540,41,33,143,12,9,1,7,4,5,,,,,,4,0,0.6,0.2,1.35,1.35,1.65,1.3,1.3,1.4,1.2,1.2,1.2,1.2,1.2,1.2,20,0.25,1,0,0,0.6,0.75,27
Zeus,RSI Zeus,Base,Normal,276600,200,1000,400,210,7.8,2.6,3.1,3.1,2.7,1.3,1.25,1.35,1.3,1.3,66.5,0.0018,1.8,225,999,32.5,32.5,110,6.5,10,0.45,7,4,5,,,,,,4,0,0.7,0.5,1.35,1.35,1.3,1.25,1.3,1.3,1.2,1.2,1.2,1.2,1.2,1.2,20,0.25,1,0,0,0.9,0.75,28
Zeus CL,RSI Zeus CL,Base,Normal,276600,200,1000,400,210,7.8,2.6,3.1,3.1,2.7,1.3,1.25,1.35,1.3,1.3,66.5,0.0018,1.8,225,999,32,32,105,6.5,10,0.45,7,4,5,,,,,,6,0,0.7,0.5,1.35,1.35,1.3,1.25,1.3,1.3,1.2,1.2,1.2,1.2,1.2,1.2,20,0.25,1,0,0,0.9,0.75,28
Zeus ES,RSI Zeus ES,Base,Normal,276600,205,1100,405,210,8.5,2.6,3,3,2.7,1.3,1.25,1.35,1.3,1.3,93.1,0.0018,2.6,300,999,32,32,110,6.5,10,0.45,7,4,5,,,,,,6,0,0.7,0.5,1.35,1.35,1.3,1.25,1.3,1.3,1.2,1.2,1.2,1.2,1.2,1.2,20,0.25,1,0,0,0.9,0.75,28
Blade,VNCL Blade,Base,Normal,23219,227,1191,500,260,13,4.4,10,10,4.9,1.55,1.4,1.3,1.3,1.35,8,0,1.1,100,280,70,52,195,6,10.4,0.2,7,4,5,,,,,,4,0,0.6,0.2,1.3,1.3,1.55,1.4,1.3,1.35,1.2,1.2,1.2,1.2,1.2,1.2,20,0.25,1,0,0,0.2,0.75,27
Glaive,VNCL Glaive,Base,Normal,76520,218,1150,480,230,10.5,4,7.7,7.7,4.5,1.55,1.4,1.35,1.3,1.35,9,0,1.3,70,310,60,43,155,3,12,0.2,7,4,5,,,,,,4,0,0.6,0.2,1.35,1.35,1.55,1.4,1.3,1.35,1.2,1.2,1.2,1.2,1.2,1.2,20,0.1,1,0,0,0.5,0.75,27
Mauler,VNCL Mauler,Base,Normal,18700,140,850,270,150,0,0,0,0,0,0,0,0,0,0,0,0,0,0,0,3.5,3.5,7.5,3,7,0.25,7,4,5,,,,,,4,0,0.6,0.2,1.35,1.35,1.5,1.4,1.3,1.4,1.2,1.2,1.2,1.2,1.2,1.2,20,0.1,1,0,0,0.7,0.75,27
Scythe,VNCL Scythe,Base,Normal,68391,222,1150,480,230,11.5,4,7,7,4,1.55,1.4,1.35,1.3,1.35,22,0,1.3,210,760,56,52,147,3,12,0.2,7,4,5,,,,,,4,0.15,0.6,0.2,1.35,1.35,1.55,1.4,1.3,1.35,1.2,1.2,1.2,1.2,1.2,1.2,20,0.1,1,0,0,0.5,0.75,27
Stinger,VNCL Stinger,Base,Normal,248552,207,1050,440,230,8,2.7,5,5,4.5,1.5,1.4,1.35,1.3,1.4,36,0.0036,1.35,120,979.9833333,34,28,95,3,7,0.25,7,4,5,,,,,,4,0,0.6,0.2,1.35,1.35,1.5,1.4,1.3,1.4,1.2,1.2,1.2,1.2,1.2,1.2,20,0.1,1,0,0,0.7,0.75,27
Nox,XIAN Nox,Gravlev,Normal,4230,225,619,305,145,3.1,2.7,1.4,2.5,2.3,2.3,1.2,1.7,1.2,1.2,1.5,0.00006,0,41,44,89,89,138,3,7,1,7,4,5,225,78,1,5,3,2,0.15,0,0.2,1.7,1.7,2.3,1.2,1.2,1.2,1.2,1.2,1.2,1.2,1.2,1.2,10,0.2,4,0,0,1,4,4
Khartu-al,XIAN Scout,Base,Normal,68351,224,1183,504,254,12,4.4,12,12,12,1.4,1.35,1.4,1.4,1.4,26,0.00174,1.1,510,999,67,67,210,6,12,0.35,7,4,5,,,,,,4,0,0.6,0.3,1.4,1.4,1.4,1.35,1.4,1.4,1.2,1.2,1.2,1.2,1.2,1.2,20,0.25,1,0,0,0.5,0.75,27
San'tok.yāi,XNAA SanTokYai,Base,Normal,84224,227,1161,493,225,12,10.9,12.3,10,10,1.55,1.4,1.35,1.35,1.35,14.7,0.00174,1.3,120,410,58,58,160,3,10.5,0.2,7,4,5,,,,,,4,0,0.6,0.3,1.35,1.35,1.55,1.4,1.35,1.35,1.2,1.2,1.2,1.2,1.2,1.2,20,0.25,1,0,0,0.5,0.75,27
